country,n_facilities,avg_beds,avg_rating,total_annual_visits,avg_funding_m
USA,45,177.25555555555556,2.477777777777778,273324,14.676222222222222
Germany,47,163.89361702127658,2.923404255319149,261708,17.2131914893617
UK,50,166.89,3.062,244387,15.1416
Japan,43,168.1046511627907,3.1651162790697676,223473,15.20860465116279
France,35,188.9857142857143,2.9257142857142857,181653,17.773714285714284
